,X1,X2,y
0,2.1027997213170737,2.1590852738748456,0
1,1.854929519726144,-0.399852209040759,0
2,5.294388888905388,4.708763558724363,1
3,2.213075382396751,1.0889042559421938,0
4,2.6557463162102,2.0771958227566536,0
5,1.6319025003312266,1.4232811893697948,0
6,0.9751026749469112,0.4830633306373129,0
7,2.3021529634807885,1.4128746450443213,0
8,6.824791807671905,5.154453452117751,1
9,4.346342667781911,4.107881983281085,1
10,6.586973486589445,3.9396753134517692,1
11,5.078466059822209,2.9243132969263934,1
12,1.883146559614388,1.8686439263001362,0
13,5.267511336689678,5.158361913897487,1
14,6.237403074467078,2.544506224679833,1
15,0.7564467604193457,0.0988962523185899,0
16,6.611985978339038,3.3584936408584563,1
17,1.8473336656621289,2.1179480750782793,0
18,1.9018513852998793,-0.3387500520212401,0
19,2.223448303661591,0.3156839219041564,0
20,0.5532921107720263,0.8482698185231416,0
21,2.1691072763832513,1.5682252851759433,0
22,2.8700317273966505,1.914095639258118,0
23,5.755165259877794,3.9394977929283126,1
24,5.137487172325981,3.5601251236247338,1
25,5.735010981885272,2.4059524979142743,1
26,1.2112008079821912,0.609462321842122,0
27,2.621739041160998,0.21248278983402713,0
28,1.5756411602511906,0.3871857819121307,0
29,2.6758593973589564,1.490426184728757,0
30,5.7840891949147775,5.212741048016719,1
31,2.036836784451942,1.616210100935453,0
32,1.477823605162129,1.4734036409738098,0
33,4.611987895762782,3.4186571680448217,1
34,2.16542894839189,1.1738581817574898,0
35,3.937581123305148,4.219710291801412,1
36,3.7650235808915626,0.9738445775397904,0
37,5.299008126232774,4.057753204913514,1
38,3.4523378262765476,0.44227000944902106,0
39,6.751929107743479,3.1656649498278573,1
40,5.86990660328721,2.472201003557605,1
41,1.2078594380281595,1.370241116577442,0
42,1.9497853082025185,1.1343923150163506,0
43,0.7284554081037695,1.2982672540058084,0
44,1.6583610359999212,-0.013066859865339842,0
45,1.6913919422607406,1.2787200432564587,0
46,5.791954551286378,3.5765150441225657,1
47,5.937150191173445,4.849506041778136,1
48,5.355672368109105,4.280133038437217,1
49,2.4156362154855016,1.3276178921362187,0
50,5.419057196930877,3.1718041281346627,1
51,1.2918652723405644,0.2447788303743792,0
52,6.641159407917417,4.614522811777126,1
53,5.285163479270781,2.9106031885534787,1
54,7.945593830297822,5.335629270518685,1
55,1.8972239173748682,1.466238398908276,0
56,2.312269545739953,1.9216101027683687,0
57,6.387683923095743,3.769916271326463,1
58,1.2150431337789576,0.5742718793362654,0
59,4.852820814942776,3.37233949298331,1
60,1.9915159306963361,0.31836823058589336,0
61,2.115868903084246,0.5317239387115251,0
62,5.8064098970631175,6.410644085829684,1
63,3.073099256274162,3.0250854747381783,0
64,5.940445531987446,2.920261415846806,1
65,5.405793779519146,4.76292584734467,1
66,2.068338419450906,0.4939467612733185,0
67,2.3821178570140336,-0.07767249294476786,0
68,2.588495095152534,0.9552728804910156,0
69,0.06839723425205824,1.566557315546174,0
70,6.430861119870541,3.2930221065057848,1
71,2.4035007007707883,0.9458354573901382,0
72,0.6769896710006176,1.9693657090305354,0
73,5.745334000731343,3.204911242678307,1
74,5.963140710643425,5.793250176873062,1
75,6.36269663662716,4.567492977831801,1
76,3.132018227696425,0.7160683869395559,0
77,5.3383792182063265,4.403621509540964,1
78,0.9295602257182438,-0.19423984640507275,0
79,2.211378868661777,1.8961156182076344,0
80,1.1087049027880016,2.194576088795632,0
81,6.184077710922724,2.9894531251746193,1
82,5.77322760671056,3.7439062512858317,1
83,1.918592925289381,1.0603035592922858,0
84,3.0766433400231605,2.417834455587256,0
85,5.448325149054433,4.532890485514329,1
86,6.212970128638316,3.8089696983691836,1
87,6.010381132959723,4.638445866584976,1
88,4.347748308578053,4.474891544991483,1
89,3.0004332670905125,1.5771561632444346,0
90,0.8486327388285786,1.7591418488969959,0
91,5.546168474581097,3.8542198967801857,1
92,5.952280683378931,4.073893009022456,1
93,4.890261959645345,3.5577983411972016,1
94,5.898114897990275,3.512923612407854,1
95,6.15477320553991,3.5846941504389527,1
96,6.481463084332419,3.075162147532117,1
97,6.243732436203479,3.2068541472210756,1
98,2.8122131864594238,1.3653261066616857,0
99,2.700023301389716,0.49373123862103496,0
100,2.4270244675293915,1.6386880328144526,0
101,3.432198063289113,-0.3379776770538734,0
102,1.1133324075503945,0.6644662518198277,0
103,5.303563455076313,3.936610750094775,1
104,6.436876789535873,0.9453949527265237,1
105,5.671601268249465,4.558514215013874,1
106,2.6327297691587286,0.7664025899081801,0
107,0.6708316463622992,1.471097802389171,0
108,6.018397119158979,4.603813189798078,1
109,7.155591213323268,4.803844704915215,1
110,5.880096358266785,3.59124893163595,1
111,3.789864997970649,1.2466474524504694,0
112,6.476901913939548,4.046656132493716,1
113,1.5370955665866477,0.2735655778001229,0
114,5.8352857459333105,5.792990383766789,1
115,5.962121986058958,5.26083987061986,1
116,0.33711242089629057,0.7418375244481996,0
117,4.62665773632929,3.8453707029664774,1
118,6.025098283997589,3.5501739240894867,1
119,6.230342971023699,3.7477956643395878,1
120,6.610722493376344,4.541279996815459,1
121,6.332292978373411,3.7040106613224837,1
122,2.6555298964614145,1.5297418210462694,0
123,6.09894988916429,3.876318898853956,1
124,1.0316662130892276,1.3393932128844994,0
125,7.994428682218953,3.6189772111134304,1
126,6.166809402711918,6.083705612554759,1
127,2.0719306637481303,1.3018800919135938,0
128,2.8062017703978444,2.0325243225524265,0
129,2.0310773355700227,0.0032204724853701627,0
130,1.9461961049245664,1.0182519062394908,0
131,5.528685475699204,3.6095469143811254,1
132,1.053258282133588,2.533090888428384,0
133,2.0824932193143093,1.876287652105971,0
134,6.544928197057674,4.417254274150929,1
135,1.9057772475394663,1.3734615795961065,0
136,5.946372289838861,5.78948956674991,1
137,0.27073773387862965,0.44285840396377596,0
138,1.7337620114484107,-0.4252656422105674,0
139,7.275497945661251,3.6448288509518947,1
140,6.263825972480034,3.238325716170307,1
141,1.9090797962174475,0.5212188054978178,0
142,6.3097038720005445,3.2013480933670833,1
143,5.631232345089148,5.022286005972107,1
144,5.4650917396778205,3.759497173290939,1
145,2.8112885444594378,2.7780810148189,0
146,3.0382745062815166,0.9461519634585445,0
147,-0.8475677316006611,-0.01657542600052575,0
148,5.297574128824294,5.088437854188146,1
149,2.7940158363602654,1.537376672317159,0
150,2.4526536023802232,0.20758377559231733,0
151,2.748849468280596,0.9791058997818867,0
152,5.715877829456214,5.047171911005039,1
153,7.195738587003782,3.998534979490594,1
154,2.088567115089136,0.5171340924786789,0
155,1.7009408014965879,0.16371268431321007,0
156,8.03201716316711,5.109289616520074,1
157,2.2509215962446265,0.34401459967437675,0
158,6.0116184077514925,3.5689011631976286,1
159,7.648380015072725,4.720516408008136,1
160,2.5540212666871858,1.0847301457476484,0
161,7.092474617619256,4.306302635739605,1
162,3.3504760296989176,1.1790284950522372,0
163,2.6600444652584736,0.4545026269725262,0
164,5.084968107432353,5.386113018765627,1
165,6.628146091493773,4.073792189626339,1
166,3.2431737591423238,1.5575726011420687,0
167,1.8911715557798268,1.5681160835018393,0
168,2.5293502160266805,1.4192244944335062,0
169,1.9042736542159562,1.677728037423159,0
170,6.101304437463074,3.9767060923899265,1
171,8.41195901847652,3.5504841766633635,1
172,5.259248147647661,3.9662155339371177,1
173,2.775384891677732,0.6689146504120853,0
174,6.207742911824542,4.093924351157403,1
175,6.090583769539541,3.5443576955494955,1
176,5.462964964899204,3.367985347170815,1
177,5.257978083085833,3.1130911442144935,1
178,4.991813598695008,4.640295434065834,1
179,2.3050138951023222,1.4717538870072533,0
180,5.710606978460298,3.986529984608557,1
181,2.0876757698828263,1.1723832575655102,0
182,1.9292733048788673,0.3279639819909035,0
183,5.018155454853764,4.101723249898818,1
184,6.8635460772622325,3.988447064732149,1
185,1.8237799380537165,-0.020952476577159596,0
186,6.129799895386816,3.163729404542815,1
187,1.2346677686872498,1.3540926110783795,0
188,4.743383830102373,2.7539420741543728,1
189,6.3320874587318325,5.079573405685889,1
190,3.110395420631632,1.1209817385213496,0
191,2.1071513167559006,0.6950484870231569,0
192,2.655483422778429,1.3296586452381955,0
193,5.782857612036598,2.68798001760001,1
194,6.6979665840393965,3.5070874475437295,1
195,2.870827190496434,1.21922094162544,0
196,1.1911516167308105,1.0527125395853343,0
197,2.635862111478721,1.7811368771207525,0
198,3.3250945460115915,1.0151420215699396,0
199,1.6528270776724403,1.1668929382030477,0
200,6.2985219087654265,2.4575324546087476,1
201,1.1022468222774284,0.793208058218358,0
202,5.9082829669952,3.8691821536562667,1
203,3.0895554907091256,0.5078624721479539,0
204,5.631658083224084,4.312482056432004,1
205,5.434637393578618,4.249233429203842,1
206,6.173402885879683,4.749916413803098,1
207,0.3982193204298745,-0.145709648835729,0
208,1.8445156779097078,0.8510293219668115,0
209,5.8019606407077235,3.8695571730240808,1
210,4.941597171125673,4.331961790140081,1
211,8.624338680380003,4.319319137644535,1
212,1.8826624536014975,1.1919433264848052,0
213,1.9476488753413843,1.8420888911444182,0
214,2.7295886314787814,1.501526542650527,0
215,2.5930433149021708,1.8435847564171175,0
216,6.790146871997729,4.6752057829002025,1
217,5.001526362446503,4.42153102159568,1
218,1.8870495656143467,2.578222394992244,0
219,3.140846400681193,1.741800570989287,0
220,1.5015211574057434,1.3059939611046025,0
221,2.8255252438880047,0.8005322366129826,0
222,6.12863008870511,5.395607979092628,1
223,6.6581044457041845,3.355984233127673,1
224,3.174509231690912,1.5801540461921622,0
225,1.3923485033323122,1.5950580723055157,0
226,5.387046223853665,3.6657182745792625,1
227,3.9780087797349664,0.8825147302580425,0
228,4.869012258315339,4.434419305131932,1
229,1.1821592439346476,0.49317907668745276,0
230,0.7191280091994541,0.04507089888936178,0
231,0.4424237527819628,-0.10907962578955144,0
232,5.58076639269071,4.549151314909304,1
233,1.7068656534419284,-0.4698254456474238,0
234,2.0250114509489174,1.1455436704240831,0
235,5.224319097273165,2.7102512452134553,1
236,5.17697921510313,4.125850438503025,1
237,1.779799097877305,1.8909468984819173,0
238,5.140046618859783,4.5847214609890665,1
239,6.145766381728983,2.9773924130494285,1
240,7.262883190201938,4.158713224352731,1
241,5.569716322431667,3.723963108924175,1
242,0.9215477878358316,1.2158675277849484,0
243,2.576367122737143,1.9755832761340546,0
244,6.7775614409452825,4.924998377073981,1
245,6.335923623781121,2.425370043512528,1
246,1.961168858649577,2.860971512008028,0
247,1.8722898031668123,0.654715135544141,0
248,7.067493762913925,4.262009475439665,1
249,2.314682061377246,0.5405562420821479,0
250,1.9496570161073636,0.5667452320104582,0
251,2.9669528856960756,0.27412808228107466,0
252,7.0109828828174585,4.655692139736459,1
253,1.641502900997565,-0.1426428403235922,0
254,6.503121364051632,4.274790502049331,1
255,1.538960798679741,0.38842373916522965,0
256,7.104619334159175,5.049290136867963,1
257,4.617583168635672,3.4535627879641186,1
258,5.5678593383553325,4.336261761305331,1
259,6.013096492095446,3.901302475104311,1
260,7.588481446555351,4.149981669413815,1
261,6.186626791120619,3.7077775220929636,1
262,6.253175550232229,3.794750295411541,1
263,2.1511307222698006,1.9384459212691953,0
264,6.338439607784351,5.066937962704758,1
265,0.6060067393375093,1.6015277564345725,0
266,5.274055496756175,4.228349683411005,1
267,2.0198600345205713,2.310488240748706,0
268,6.205871798830703,4.781208899324899,1
269,6.542453095105229,4.707614090452814,1
270,1.5741486497732091,2.8451477063022743,0
271,1.3909476033399488,2.141693461399271,0
272,5.670799333586446,3.197988039063195,1
273,6.497351884176805,5.011243590838023,1
274,2.0938974221904587,1.0064449403028322,0
275,5.582463686293962,3.5231320385619678,1
276,0.9018727921060035,-1.2812192689858617,0
277,5.233898919597773,5.482034825229527,1
278,2.90672736814853,0.16462050986572352,0
279,2.928093385880061,2.5141928677225183,0
280,1.4744899520079415,2.210582437171821,0
281,1.0091910237691102,1.3499565796943762,0
282,6.855795130008495,4.83037552124976,1
283,6.309996800758208,4.224659854296566,1
284,6.468204666206619,2.2472276044941886,1
285,7.542214945608118,5.364199409417038,1
286,5.416519910814923,3.2606867485607447,1
287,3.043347545746002,2.1122889911173437,0
288,4.843735547097692,4.060789965296201,1
289,5.734734062192435,4.14571532836407,1
290,5.498895665801393,3.179349669776072,1
291,1.751663823880412,1.388386321551473,0
292,0.5771228608421195,-0.32347465715734436,0
293,6.164389399797127,3.3720777106914763,1
294,0.9118980860939729,0.09010135841161782,0
295,6.4323683927419,3.408962087209195,1
296,6.3862160333306015,4.830601469039025,1
297,4.9561171568150515,4.3884428337144135,1
298,1.6483605127081422,-0.5427464775812325,0
299,1.7437927914558768,0.0443578089133948,0
300,5.9703464503901085,4.0494084489608415,1
301,6.1009776055973175,2.902786423947881,1
302,5.942076018939754,3.7937296691302786,1
303,6.935352848883177,3.8802025468552683,1
304,2.3796147343079608,0.06832706230121821,0
305,6.227904446954301,3.133766829454605,1
306,3.8771980115860565,-0.6646587255778873,0
307,2.5876588312520292,3.11435433963375,0
308,2.792896511079593,2.1586863383275805,0
309,7.288921958540126,3.4655025048115995,1
310,5.456552045870105,4.226751263964915,1
311,1.2390910927696397,1.264115269482184,0
312,5.759059935469417,5.0881054908809675,1
313,2.275199370171793,0.8619530911518031,0
314,0.9351568394470979,0.1997732855447406,0
315,2.6505348749002406,0.7223978404452629,0
316,4.810515214668983,5.188391231296595,1
317,0.2526157437578025,1.639128477954,0
318,2.1016986514080833,1.5801771579182056,0
319,5.785863750470446,4.069580629001048,1
320,3.675798740586419,1.1160878116706496,0
321,7.344050115008858,2.662873645193562,1
322,6.570179482047166,2.912249339696285,1
323,5.741905684942939,4.839046368330132,1
324,1.5939920262421325,0.38437352866258445,0
325,6.164536220125723,3.9488385243007853,1
326,6.5812767518204565,4.24394970137631,1
327,5.7956988162152685,3.502230127968736,1
328,2.1599998708024586,1.3564601894195543,0
329,5.027025231983025,5.355057692303325,1
330,1.7352106157015457,1.378113103487279,0
331,5.572831150217464,2.9692198729382104,1
332,2.397676409651592,1.2130317878662664,0
333,2.4822237556565487,1.3906572883955746,0
334,5.532852065885807,3.1695274722943108,1
335,1.9965373432305666,0.8272505939335489,0
336,1.8012082403066296,-0.00530119891938341,0
337,2.0579881066218175,0.7018340044068793,0
338,1.2013997768323943,1.1855572803850012,0
339,6.737887018888609,5.172893819531679,1
340,2.0925193581594552,2.0643444978411427,0
341,6.061428097758613,3.711709177302566,1
342,1.7094379691489041,0.9349955247184428,0
343,2.3376463090258617,2.6748188280483163,0
344,2.219830306001561,0.37021997897475556,0
345,2.593469663762601,-0.21499490587259507,0
346,0.24754360952221988,0.6511423481645037,0
347,2.1066392206639373,1.558568142187889,0
348,2.3969822928753635,-0.06533333507178662,0
349,5.477126344069846,3.549969424993641,1
350,2.9471815694935586,1.1895234663514351,0
351,2.1759831915260683,2.0539547529895756,0
352,1.1939842489842643,0.23955320271436187,0
353,7.4472557509617605,4.55646831328101,1
354,6.304000386943711,2.9023463245139163,1
355,4.834172937425133,3.4253837255641315,1
356,1.4122958233936744,0.009437040630609683,0
357,1.4149313498073277,1.7103542294226468,0
358,1.7151573776716875,1.049963906883228,0
359,5.577552936521035,4.614539118008393,1
360,4.827963256675687,3.6841261451660556,1
361,6.12429387522064,4.021246372901301,1
362,7.059644300502897,4.390789312970653,1
363,1.697313143705153,0.3667077828029309,0
364,7.151449252053669,5.550307262625719,1
365,1.5588290640961338,0.7341069447995485,0
366,6.814370204307553,3.2075238828481596,1
367,5.525037770143769,4.760443731612557,1
368,6.247318236192053,3.274302658867067,1
369,6.130596846069114,5.051547932935937,1
370,6.978803390053832,4.101858065042284,1
371,6.896396821654487,4.010904886204819,1
372,5.771951747189364,4.3671727634504105,1
373,3.21980278138939,1.2884286788042845,0
374,2.4744421808619546,0.25324513698651563,0
375,2.6447937075395336,1.6568781208314873,0
376,1.084949367034264,0.9530913268381533,0
377,2.1745668094644577,0.1068749708821567,0
378,5.4619699441289535,2.522565666404609,1
379,5.985892661538867,3.716122784750951,1
380,6.942926619909705,5.0799918925051335,1
381,5.91594998443191,4.257987618544253,1
382,1.840705193375227,2.289912347644039,0
383,5.3836615748017875,4.29694678240924,1
384,2.3132877166938925,0.877302793640118,0
385,6.411749776957137,4.640995918819543,1
386,2.0444196994191395,-0.288762602395666,0
387,6.542990786155888,3.7809704466921925,1
388,5.94224675270215,2.6674233350052576,1
389,3.0828687488910353,2.1132066912822993,0
390,2.497723278922626,1.1537789972469676,0
391,7.231214630427173,4.188975343709423,1
392,5.424437341697653,5.579374779564713,1
393,2.2777102105870717,1.9677470998792854,0
394,3.0137403877385247,0.9195936008735799,0
395,2.18893967647099,0.5093096245170734,0
396,1.7526788714333925,-0.16594951153095194,0
397,6.047927606458114,4.698993354991252,1
398,2.0588412367996236,0.8203268514910362,0
399,6.632433372661088,4.40603568541262,1
400,2.9336434700480156,0.44299521266213804,0
401,5.10745691512394,4.388033334650316,1
402,7.289462719451714,4.369088916963589,1
403,6.66168016716371,2.6481733921140513,1
404,5.472924654264984,4.332763272361236,1
405,6.66629742371641,2.5290738230717613,1
406,6.045291109979871,2.97615606174687,1
407,3.1048134914984997,0.621794162531166,0
408,2.8736644927534845,0.2583795539784941,0
409,5.77765819572093,5.214425511723018,1
410,3.1348551107769103,1.2564131890135481,0
411,1.993727936876559,1.3156521980108857,0
412,1.2269917160435586,0.2652356981430044,0
413,6.626345766901,4.076601144244727,1
414,5.9448740813592265,4.654887814534069,1
415,4.922257390550935,4.074506376422641,1
416,2.211087949276061,0.5946610164511523,0
417,5.111518990816835,3.624751755841654,1
418,1.8062601872345136,0.5888012685096853,0
419,6.3155616767494065,5.544477694085775,1
420,6.637958831294274,4.485825603873608,1
421,6.443519983997332,3.3013183661680765,1
422,4.988480738154736,5.070386237081167,1
423,2.00110492892444,0.26283197844882555,0
424,6.43388743611617,3.2850566970874135,1
425,6.807613148613417,4.081252045252879,1
426,8.122469891881693,3.3909579557772194,1
427,1.6051628543385936,0.499748250486291,0
428,0.9885834979512553,0.6785313782565222,0
429,3.309624192785053,0.14411634590949673,0
430,4.439968055503387,3.995326824480932,1
431,7.232164859091526,4.3733315105462465,1
432,5.275065640185413,4.412968188667164,1
433,6.0541430951090085,4.835727494824963,1
434,5.3063473645382,4.988016587062802,1
435,5.9600210661469895,4.334001837680421,1
436,2.4386255644410895,0.9738162841176479,0
437,5.816856238315492,2.8727609131829404,1
438,2.8895690007530628,1.1681123093633337,0
439,2.734374679048864,0.5639730882969082,0
440,5.5651435484419105,4.870412612593754,1
441,5.746916812691571,3.6053551790659495,1
442,5.046152511863106,4.008191554714278,1
443,6.880361942222105,4.529108399440095,1
444,6.207521678883182,3.287013445118937,1
445,3.3058404228239366,0.8218086845200894,0
446,6.16511132775654,3.6989695737586694,1
447,6.254607785210378,4.981784389730864,1
448,4.841952812475419,3.262346769170922,1
449,4.8933367513038215,3.4351172968474644,1
450,3.561748252269842,0.8395813786603887,0
451,2.4674682366197938,1.4378135294867576,0
452,2.6157447979625785,0.9529056812870171,0
453,1.18446838216556,0.6963045391342473,0
454,2.988806367156382,1.3197764932046343,0
455,2.392588081107622,1.7159879021251105,0
456,1.2336627101954079,1.013886900995755,0
457,3.1880288142348014,1.0945767286543566,0
458,6.1214918705273,4.649345127234877,1
459,1.383685250847098,1.9041517443596325,0
460,1.6924329796672348,0.6442383230368303,0
461,2.780438880887096,0.7956785099515391,0
462,1.6045121302631482,1.1505239238240563,0
463,3.546513375585036,1.1467283221407256,0
464,3.123984603846196,0.5279697820637119,0
465,5.770293658051834,4.6350708313987425,1
466,0.6313634033585735,1.1571457738445283,0
467,6.674434976303595,2.1976816397441503,1
468,1.542760284398679,-0.11200253402096272,0
469,1.9413205118785153,0.8191318653352737,0
470,1.292346193491675,0.7059547082456628,0
471,2.2071060296421625,0.7346999167819743,0
472,3.2920466302692666,0.3655735350723148,0
473,1.1751545450125815,2.526167207355461,0
474,1.7832812260059918,1.3100401164626418,0
475,6.300322560762164,5.036292486491576,1
476,6.130257853965138,2.622636273980367,1
477,2.689808751141879,0.4848183566700205,0
478,1.4078980531021061,1.2205747762429806,0
479,6.1775559172148515,2.6147374462725606,1
480,5.449908571774426,3.7949826869965233,1
481,6.140385033265471,3.8336336504909654,1
482,6.975750213094253,5.01371632714525,1
483,5.0208270391885845,4.687928286949464,1
484,6.751379846140555,4.541587103422872,1
485,5.730185328327702,3.297394108892518,1
486,6.630266478057124,3.8442984724410234,1
487,2.179945433439735,0.4694949619607278,0
488,3.005759127318398,1.7808828213854417,0
489,-0.5079358140965073,1.9116268002351111,0
490,4.165229413101703,4.836227746145248,1
491,8.003488123162612,4.228240070324412,1
492,7.159397845900471,4.429129623901774,1
493,1.101338559559089,0.4687716243327157,0
494,6.241862511362696,4.293474416418951,1
495,5.186668212873473,4.109266212668937,1
496,6.33169516276246,3.2304108459998817,1
497,5.8435197598396496,3.71494634554288,1
498,6.016625153875194,4.3398059374542095,1
499,1.860601429084294,1.3392411368253783,0
500,5.490219953344633,3.798168053251314,1
501,6.635752677221799,3.6714949520034086,1
502,3.2215968548765557,0.7369844977686602,0
503,2.037848829571175,-0.29178039761665975,0
504,5.377743873039553,3.7941705630519054,1
505,6.004804953601145,3.731662145337584,1
506,6.389623700887037,4.594213649261153,1
507,2.934864827959455,1.2590799337221974,0
508,1.7725898153000215,0.9587253316540396,0
509,1.6714617887804424,2.5673337317126865,0
510,6.366688863227311,2.7965356671755246,1
511,7.321785843079593,4.28681506163704,1
512,4.287752116032275,1.304595343548335,0
513,1.7405242491191228,0.6146887664313775,0
514,7.670176596347027,3.3659803445955303,1
515,2.4566104163344815,-0.15460725493237693,0
516,1.591549228778019,0.8627462853312874,0
517,6.116843470898222,4.254202005824756,1
518,1.2716832023074063,0.5816953047459592,0
519,4.959774769369596,5.341760509706786,1
520,1.52596746028066,0.30765624445756057,0
521,8.419109365683726,3.5024355463000636,1
522,4.4565421116007355,3.9285838781808295,1
523,1.7507482621785235,1.5185734273167477,0
524,6.2966046603589225,4.5723794948201295,1
525,5.6425259109867785,2.6777955970791325,1
526,1.887066788346326,1.3727852383891264,0
527,2.6238562889015893,0.12967955248148755,0
528,1.164685390269459,1.0697398435776606,0
529,1.3286034255228132,1.2262077439389878,0
530,1.2535515445444538,-0.3310974770796331,0
531,6.375123916907948,4.527619938509145,1
532,5.503145393630218,3.9904252170613193,1
533,2.0591921064070267,-0.8774264502098259,0
534,7.607680432547409,3.6459918253872705,1
535,2.9625692033637265,1.8356600725837757,0
536,3.361623964536596,1.8048749620356568,0
537,5.606974508124972,2.928955477708553,1
538,3.014215593579867,0.0016855980564844941,0
539,1.8723784189974684,0.8499958929984426,0
540,1.7951900653717403,0.39724640040110815,0
541,5.474737412744161,3.046038296420358,1
542,6.187771166911597,5.31967825810379,1
543,6.877057959516376,1.8272154782192378,1
544,3.297835899623778,1.5487035186117881,0
545,2.9560210297870055,1.5370899544847645,0
546,6.5556729016749165,4.1884793837759915,1
547,7.343331577674748,4.812274964658918,1
548,1.0225633795260602,0.28770544065512726,0
549,2.687831349099659,1.70547229895958,0
550,5.281215654908649,4.510964402087436,1
551,5.969362359665462,3.7002530718934494,1
552,2.8490639083208533,2.31725548357619,0
553,2.1366872066063864,1.4975621161003585,0
554,6.2079847427075565,4.561320141852697,1
555,2.3503450813441127,0.9273736335468137,0
556,2.2325816802603415,0.8070574997309365,0
557,6.473805729461157,2.5592782251528354,1
558,6.782567876826686,4.063342914044521,1
559,1.6889587084010458,-0.24522862960239378,0
560,2.0520430403699663,0.9403056688479501,0
561,5.857814659396835,3.3953941020471246,1
562,4.782018233507201,4.88313603582732,1
563,6.016255455730292,4.722936337056614,1
564,5.993074213477334,5.638055108445112,1
565,6.11417711709583,3.42928882200385,1
566,5.683308545604375,4.005550377225423,1
567,6.150002187413352,3.8241162319140614,1
568,1.5319661777115057,0.8101400429545861,0
569,1.823625702595851,-0.08435573676034891,0
570,4.71034336430223,4.202879128080246,1
571,0.409653993565982,1.343836250588009,0
572,6.126319031659863,3.737654437754148,1
573,7.298268358099412,3.901798801845079,1
574,6.1761451563971566,4.690583222089158,1
575,6.346422368853123,5.2548689391893415,1
576,5.894850801570568,4.5492749268306145,1
577,1.8930531783537614,1.21488855324417,0
578,5.2935224840430095,4.040184513346965,1
579,5.368783717578151,4.506582350337517,1
580,1.3025860660594288,-0.08059509456048097,0
581,5.431318211729597,4.892912634437706,1
582,5.442492388649702,4.595300372835754,1
583,1.4286899858452786,1.2996048600092611,0
584,2.679473570540142,0.007131037857266653,0
585,2.2877930435272344,-0.28173154216091567,0
586,1.9575023184346954,1.2831560923361272,0
587,6.185220575964507,3.6508720633079053,1
588,1.129873528261634,0.8596336416661715,0
589,2.288688086992262,1.204366660931459,0
590,5.932339085710996,3.5148899345347795,1
591,5.259421095754108,3.7049967677095594,1
592,1.048147450095885,0.48084044785633984,0
593,4.831543162429206,2.8573050710606296,1
594,0.8048413420611198,2.202154378464715,0
595,5.56740186207462,4.175798113642778,1
596,5.026422720220739,5.801055237100497,1
597,0.7959072355159778,0.3036973660311465,0
598,6.0126310385974655,4.236379983137636,1
599,1.3079025115863308,-0.5887447839003044,0
600,5.021111705719748,4.004125089727108,1
601,3.3822689348639354,2.763645027644908,0
602,3.211884531498084,0.20092667722055035,0
603,2.050957644946855,1.4053517329616143,0
604,2.2741250439924388,2.1373617106273475,0
605,2.285429709852304,3.329606800592388,0
606,1.5926633840298043,0.3777493453166384,0
607,6.980186526398452,4.003760619735726,1
608,5.112965585659769,4.848593781028843,1
609,4.635456072057952,4.307176751910779,1
610,4.756226082429326,3.8371605539306137,1
611,5.2558574785901,2.995995609794782,1
612,5.528439343052042,4.948108613596293,1
613,2.3783827090103378,1.6394862034190951,0
614,3.0799683616140148,0.26982382761186674,0
615,2.950910082156396,1.9572312784751613,0
616,1.5272907217377785,0.8296390770172404,0
617,5.679786066161843,3.8475330277720206,1
618,1.862933342761639,1.4983255930136543,0
619,1.2525213142644316,1.0676081232131578,0
620,0.5987719057739276,0.5495269967845838,0
621,1.7404136335576332,0.6650268756009674,0
622,1.5112855820125175,1.7441968267206809,0
623,5.673359097093668,3.8015654340008687,1
624,7.785721795694945,3.7811577862302563,1
625,1.9170536321335763,0.7022266531897589,0
626,2.790116764848102,1.2967929044904822,0
627,2.079796639407591,0.9628958669213747,0
628,5.4808112642798,3.832866378287095,1
629,0.5828908349962445,1.094221413714779,0
630,6.817041161155217,3.1748501519352,1
631,5.0392773780253926,4.860318741867543,1
632,5.984510940401124,4.076210956205873,1
633,6.301902317557517,5.106761227781904,1
634,5.508888204248328,5.223828620725042,1
635,7.451153574132566,4.469252704818145,1
636,0.7005381878726213,1.2471516067000818,0
637,1.1602967302759262,2.664429491216409,0
638,5.774789934139811,4.434712650636953,1
639,5.88760371785446,5.324138233168934,1
640,6.752362355690881,5.731731498272509,1
641,6.982525892370548,3.249596419869123,1
642,4.036069773936452,1.9200650218785005,0
643,4.120482725436438,4.192728925802772,1
644,5.470189725111519,4.624640037124069,1
645,5.383137182412025,3.2777401913648045,1
646,1.4316515815998554,1.4535488742123417,0
647,1.3508310779437043,-0.314600743103324,0
648,3.988377371264084,1.117527712201394,0
649,2.2852104121937407,0.23827152376351435,0
650,7.797808899281639,4.096050088046571,1
651,0.08382948771969567,1.9232131807242843,0
652,6.326140176747145,2.992566589112889,1
653,1.7743701733699648,2.0020080796371897,0
654,2.4299256370534494,1.130456509973754,0
655,2.2418971359032858,0.47226848358529416,0
656,1.6434430192419618,0.07431360074377225,0
657,1.680567657345016,1.1241680275534613,0
658,2.1459509394039684,1.2946849406681682,0
659,0.9522934201550153,0.4650188782918754,0
660,1.5572231211340661,0.42184846299997514,0
661,7.3950894439647,3.906424882418311,1
662,2.070924364686346,0.3985528480940892,0
663,5.960384532618421,3.552361712208413,1
664,5.896145715207526,4.2523221294785785,1
665,6.521644378760172,3.4160181413607145,1
666,6.325598878813292,3.9244562892283628,1
667,1.9681803735375447,1.2216470614500654,0
668,0.8477398657743109,0.9937062114679037,0
669,6.50583327673552,4.740826542143204,1
670,3.547954195424529,-0.01991381345139609,0
671,6.729024596164177,4.860354664736476,1
672,1.8592317466249517,1.4055464360337584,0
673,6.960616180592519,5.0722289720798255,1
674,5.654259911192943,2.9377357419565437,1
675,1.1426669291687404,1.1796182758728448,0
676,3.148593215122026,0.8119641467063742,0
677,1.031136170162165,-0.17504244617389464,0
678,6.067587375016443,3.209992764293716,1
679,6.267197768395699,3.5911917656548544,1
680,2.6086759897882774,0.514024836807679,0
681,4.835540348163794,4.1503955605193354,1
682,7.251789012647774,4.245874190495816,1
683,6.30645662258176,3.9084979018179085,1
684,2.1022103178340035,-0.08081420784217563,0
685,0.5805487494422439,0.6205254122479283,0
686,0.9057004002226716,0.9354110256476118,0
687,3.1795488751215433,0.22912290854663908,0
688,1.9514005206115779,-0.9475859412777408,0
689,6.335754524794958,5.4113395924433485,1
690,3.5900968492553,1.656393990108012,0
691,-0.14889662447511753,0.9838074745760015,0
692,0.9830625933529784,1.9834439920951228,0
693,5.160762147037733,4.501387721035186,1
694,2.875195138604128,0.0008134784112061588,0
695,2.4390978784874013,1.0209940686987156,0
696,1.1025813357804815,1.7679545333307893,0
697,6.918359122253499,3.9221067864723618,1
698,5.324900899609759,4.183857412179736,1
699,0.9771784160666428,1.5329219369064693,0
700,6.982393153969399,6.316748116182504,1
701,4.269575666565199,3.856178727760573,1
702,7.007866629630663,4.270098105956378,1
703,2.338467161969602,0.9909700441805692,0
704,6.763119241615588,4.8946244478098535,1
705,6.452475415022734,4.305128451999246,1
706,1.885226811073835,1.7696752567585554,0
707,5.486665322803196,4.549215534180484,1
708,2.2680185821110843,1.2998395103546136,0
709,8.154676136287195,4.635725794125857,1
710,2.881429210175349,2.178290517228261,0
711,1.6412136099585823,1.9004554228137167,0
712,5.913025829348508,3.303843951775748,1
713,5.748269746259377,3.063752962333402,1
714,4.5397999365268475,3.279595020042629,1
715,5.418522606396541,3.7729822999700966,1
716,6.174081458012927,3.472080184876056,1
717,6.3701580117121654,4.527356681219424,1
718,5.931696207572789,3.01532093593531,1
719,6.265568234812254,3.4783549031279564,1
720,3.0322894973308134,0.20342674526506155,0
721,6.445474203103245,4.14811501611848,1
722,6.150701861753736,3.908663189461692,1
723,1.5992724875428586,0.673151232714003,0
724,5.8439387380757335,3.4047064850684565,1
725,5.301084024083217,5.016093772607723,1
726,4.654233452295031,3.7099076986644204,1
727,4.839019971743577,4.57169377847391,1
728,5.719617810485007,2.6113699897428875,1
729,1.699338771624069,3.32074309807156,0
730,2.486575661794705,2.899986260421376,0
731,6.1722987595689425,3.718385380883595,1
732,3.637223424230374,1.0561211968613213,0
733,5.788973114150769,3.836662065165157,1
734,7.384985583987937,2.82047006113823,1
735,6.719277205079994,4.383119457024285,1
736,1.6414326615972321,0.908501902605699,0
737,6.168772739085608,3.8438983790553607,1
738,6.7297578004804866,5.0445218290109,1
739,5.358990184624397,2.9737728748356806,1
740,2.264527094590346,1.9799650141254101,0
741,2.696933665775894,0.6138690523419021,0
742,2.121542229003918,1.0005079087770576,0
743,1.0647365094189591,1.8276947567096902,0
744,1.3498426460983752,-0.08790993799313274,0
745,7.384863885662684,3.148839586325467,1
746,7.287991234193013,5.269323452261988,1
747,5.46108244894956,2.4401626769901803,1
748,2.440045337791716,2.593006034202332,0
749,6.822888345263294,5.143294175291821,1
750,5.824989373037655,4.337108874537776,1
751,2.401521564696491,1.136252973785202,0
752,5.80686788709695,4.0703330507575375,1
753,6.405058218356549,3.3994192941249497,1
754,2.214522330153744,2.166192494945796,0
755,5.555280113910293,5.402824051898413,1
756,6.772387878986356,5.212953608734913,1
757,1.3479277546140271,0.5824921178684543,0
758,2.4064202305237337,1.6561358870146798,0
759,2.8769809412082297,1.059285945897037,0
760,6.176806995126803,3.9424633724756037,1
761,5.510100051981102,5.768453495958209,1
762,6.189509273732956,3.45310756294496,1
763,5.893985241749748,2.9961859154831423,1
764,2.331986697670304,2.255105511660825,0
765,6.594578764181944,4.376496227225609,1
766,7.750161769932826,4.49477083556847,1
767,1.5261410234027881,0.8841571460122811,0
768,1.358073377355606,2.000283604844534,0
769,4.988113138377713,4.477612024068196,1
770,5.939113908048499,4.316300249267181,1
771,2.434264913377281,0.8648933450826451,0
772,6.57662950948588,3.2972427334706325,1
773,5.335798875052658,5.002797407128859,1
774,5.701846551326491,3.4448969037217996,1
775,4.875767706685384,4.32141401216642,1
776,2.239878545261693,1.756924537552854,0
777,7.254902075078235,3.828205504589101,1
778,4.773415020493829,3.9375342063281282,1
779,1.83870759095658,1.3997160854308315,0
780,4.918127579293754,3.5589590544341663,1
781,6.672694111740417,5.506351459835212,1
782,0.7726109617752526,1.0842432663466823,0
783,2.8733998348742564,0.021235688515580553,0
784,6.84252971320233,4.0411584269909895,1
785,5.2951388657018645,4.566714591060882,1
786,7.054178594828961,3.1733247522559305,1
787,1.6798953424708434,1.0432322787865702,0
788,6.296799596998178,2.6855315141237286,1
789,1.9747712841237621,2.6172074729455534,0
790,2.1854095853628315,0.1762068903752677,0
791,2.288794977765675,0.6215823609591438,0
792,6.31435059901999,3.1058127225669425,1
793,0.9050226156257628,0.9302838054902871,0
794,6.771787725700074,4.135572823964757,1
795,0.06956770239100596,1.861682528868766,0
796,2.364406408186227,0.41906010850282815,0
797,0.97867424252601,1.8903909931746212,0
798,1.9981150644786825,2.0144842141260018,0
799,1.4322332067592312,-0.1087832294394353,0
800,2.4677941831932766,2.186614253853373,0
801,0.7016235928842569,0.2303887910893163,0
802,6.419116618157081,3.0655523706051473,1
803,5.53915363142899,3.5773683132988894,1
804,6.121307939103037,4.283874732214648,1
805,1.1730652307147542,1.4826781454096896,0
806,6.51212025801978,5.480206659754379,1
807,6.955230315618591,3.041025834146897,1
808,6.249265817578772,3.716426278365925,1
809,5.403126357192838,3.016519361599947,1
810,4.882199871887337,4.229369940078842,1
811,5.194142986783187,5.245499620572155,1
812,4.7867123040286375,3.825133905352687,1
813,6.703207143053916,5.438906014763327,1
814,5.5598449028553825,3.418463988544649,1
815,7.108269532870111,3.9652086377374696,1
816,5.733623833325721,3.422302643898123,1
817,2.2342022380839515,1.5134246754166072,0
818,1.3977699120360398,2.628773711291215,0
819,2.605932037235153,1.2155656136625392,0
820,0.9643383058406987,0.23734649661857532,0
821,0.28737426085571816,0.045752978352980644,0
822,6.831013829045183,4.725688159883506,1
823,2.573245347863935,1.1140515774622695,0
824,7.0729057399598565,3.691695112554806,1
825,0.527561168060495,1.3240329384394114,0
826,7.443367655307261,3.0378288098399047,1
827,6.437766699117867,4.580384378210562,1
828,3.065146699203111,0.3379375623910993,0
829,5.709267409526192,3.959539557846858,1
830,1.890276700372938,1.6980821188643436,0
831,2.2115371836348796,1.1555123230267008,0
832,6.6829003093370645,4.416798163009471,1
833,3.4649120929258608,1.9633271115025805,0
834,1.0979501794710433,1.2641876714040148,0
835,0.6665059370348232,0.5343318943165734,0
836,2.1483382286330888,1.190182724253708,0
837,1.377728398381115,3.064708092497195,0
838,5.222415017963465,4.569667076957887,1
839,5.61533216394603,3.411742593377252,1
840,0.468743916221956,1.4000693830774926,0
841,2.7580100947787303,0.2438343647581669,0
842,5.663574682205074,4.225281547969468,1
843,2.710641017806501,0.7385334922954345,0
844,2.4115380290295376,1.3893778167374458,0
845,5.102563106077373,3.3840413192714442,1
846,7.187706592264504,2.7488364590981087,1
847,2.09190971357103,0.8381270834184895,0
848,7.186116420566218,3.6666017324513644,1
849,5.726509798242511,3.102843578291322,1
850,5.473748169475129,4.292083967182272,1
851,5.72638522494141,3.514459816987604,1
852,6.5770297156514195,3.528724583536913,1
853,2.0011758067368435,1.1174447243577212,0
854,1.5298143730525555,1.7816157289775392,0
855,6.332173733015273,3.303989079471921,1
856,6.757074833204433,4.196012974933067,1
857,8.209069437863258,4.133938023074808,1
858,2.488531731337584,1.973910239624431,0
859,1.7891921215215663,0.852958917434609,0
860,3.0508778275488995,-0.33965271293905785,0
861,1.805196977617103,1.8624389460022939,0
862,2.684594374383843,0.8098153785214517,0
863,1.711475936095646,1.329669577512715,0
864,5.138500407790611,3.1191053365660637,1
865,5.83182270309268,4.198249004601605,1
866,5.85810970539476,3.1336744725592536,1
867,0.9639884762397712,0.4934023624742112,0
868,1.9603123894068641,0.37503857452273226,0
869,2.636827853219722,0.7707795624770977,0
870,2.1293464869960643,0.4617328583411606,0
871,5.901790797458364,4.582959728572089,1
872,6.120956966856394,4.661272374566357,1
873,1.5661945217755116,1.9218372870169862,0
874,4.771701994680473,3.5362044485367,1
875,5.5512859017926806,3.7280210545387082,1
876,2.2470473214084965,1.1192552944759115,0
877,4.046062224698114,1.4264383987697342,0
878,2.3003465977878284,1.7358326157360682,0
879,5.752704731951598,4.548910301528292,1
880,1.745236121510354,1.1265008787941924,0
881,0.9720069818017094,0.9347940429264102,0
882,2.3706886211262757,0.299841233105568,0
883,5.860229333565939,2.9136478074632617,1
884,2.209166255267522,-1.0065371809584858,0
885,6.2435460232812225,3.2083384866608533,1
886,1.4596832968386613,0.7327855906196834,0
887,1.9474711775161664,0.8330910122142751,0
888,0.5975874028432735,1.3036999510296916,0
889,4.8184104352668795,5.517877123380533,1
890,0.9573497790330947,1.121856897618766,0
891,1.4620871123966583,0.7173068361316657,0
892,2.204011645336115,0.45245699095835745,0
893,1.0398169725314879,0.9814707888223142,0
894,5.308750173864651,3.79020035230887,1
895,2.3432560702003196,0.07898750727722681,0
896,1.9819336144351327,3.0795631638001315,0
897,1.867273588223496,1.9799808743274148,0
898,1.6654900288370633,0.4944006076658717,0
899,2.9183181396310376,1.8527491120379322,0
900,0.930062098791195,1.1045897885331075,0
901,5.220893378500782,4.684657170840184,1
902,6.249452604112001,3.449928044229761,1
903,2.220361724775428,1.0139061548668318,0
904,3.034284646194386,0.5650966512371598,0
905,0.18030496724895495,1.4705308920629874,0
906,1.7551404002288387,1.3023791098332174,0
907,2.6830902857523693,1.2459029613310177,0
908,5.839181370054524,3.428199776239607,1
909,4.599756693808107,4.550337873845504,1
910,5.8435819483076035,4.575066394531827,1
911,0.845491415225256,0.14834077859381511,0
912,1.4718313712637943,1.761301641435188,0
913,6.703347550169688,3.2306111138762503,1
914,6.727143272655733,5.028674446176676,1
915,2.544746127860325,0.9996919926715094,0
916,5.909542309063636,3.166088889662397,1
917,6.202016139151343,4.228648335952333,1
918,2.072963773295856,1.8730261866176883,0
919,1.8618220753615802,2.1572112128886056,0
920,3.0964214470926077,1.1828313384196514,0
921,0.16280674063826894,2.927867442673233,0
922,7.067177771560659,4.114615950420782,1
923,0.516089407514916,1.4497136075145225,0
924,5.245793121799493,4.436621299519957,1
925,2.607528508951206,1.3540035679987206,0
926,2.5773537102174666,0.8570583570004614,0
927,2.069714513551514,0.5105051565723626,0
928,6.2086862348608935,3.91150794494066,1
929,1.8754839228667823,1.4406800450450605,0
930,6.276459944340916,5.235049278527732,1
931,6.042302097883386,5.26989885405766,1
932,5.69335648487705,3.617777788905038,1
933,7.461890167112518,4.5783451200496215,1
934,5.9388837010282955,3.7952443272602316,1
935,8.01206304763523,4.050958543894281,1
936,1.731352806653558,0.035096346049119376,0
937,5.342339213815044,4.79321266090035,1
938,4.472736195228763,3.3569440207041676,1
939,5.277631477773646,3.2333614477011348,1
940,1.219798251886477,0.581778566819774,0
941,0.9350155225344947,0.13340500826888224,0
942,2.8319131217875553,-0.25685891791064486,0
943,2.387620531544056,0.19853071049035187,0
944,6.922419960293474,3.288542978637594,1
945,5.523134010350582,3.0596708192018407,1
946,5.810681181028201,3.838424623044145,1
947,1.9822254338386631,2.6527490233282505,0
948,6.95455255297681,3.5169388427515766,1
949,5.678416619017873,2.8157327889475026,1
950,3.07749485609124,0.5144377621143013,0
951,1.7027330197760937,1.6192837307407144,0
952,3.6739269394799825,2.033675920124546,0
953,1.570183166071863,-0.18125273539722664,0
954,1.4639977924746481,1.6162440136020746,0
955,6.434069891007061,5.557074611040405,1
956,2.07259607378714,-0.21730184523019047,0
957,5.648510702455551,3.8164649844321654,1
958,6.477268433061344,4.7481981733339556,1
959,7.259677075785213,4.991795145967716,1
960,1.7850759441485353,0.8820434411959509,0
961,1.3768610106052885,1.4908704385343887,0
962,4.637519106043495,4.90721130477415,1
963,0.6832079161409903,0.6131672400277678,0
964,5.893023551809837,3.3880547563529175,1
965,6.340119152470015,4.031440335474338,1
966,1.3283533116006905,0.7944097317135361,0
967,2.4283746000126096,1.9329123890989734,0
968,7.872707303504494,4.582370390376736,1
969,3.032906492610537,0.8067985807158392,0
970,6.467924952362197,4.4350904872889885,1
971,1.2710330368217244,1.858136795351892,0
972,5.794984738684153,2.2161984225541413,1
973,0.5649752467107589,0.19615849448515976,0
974,1.4647094312210958,0.8365636190434773,0
975,2.59376428308489,1.2012004026952867,0
976,2.432327568094322,0.589917899933729,0
977,0.9001878084885451,1.0077049731703287,0
978,7.092470403474083,3.350006960562315,1
979,2.7321053041329293,2.4381556355002387,0
980,3.0697316578763143,0.23129876176897168,0
981,6.4530742410025255,4.079164069879185,1
982,5.719092384012954,4.373511553414926,1
983,2.4748580657064716,0.4744243863612789,0
984,4.5166678152216795,3.7248223061242713,1
985,2.228375074247394,0.5018294353393593,0
986,3.3790712593387324,0.4508126064230221,0
987,4.992150124267876,3.7971164365156973,1
988,6.961905230742764,3.6330962010666066,1
989,0.4328025329138949,1.623070793375232,0
990,0.8817291502247608,1.3804717847846086,0
991,1.5596968853892985,0.47104437901911367,0
992,1.35214924279917,0.5940827145041767,0
993,0.9649434825682184,0.8737313528822879,0
994,5.274532508812317,5.087633531537522,1
995,0.4972178403371048,1.4328523082269355,0
996,2.935104822540979,0.7080757341814505,0
997,2.4501494396734014,0.2053295701736847,0
998,5.307071112123544,4.495535011044887,1
999,1.2608650359371452,0.4556473337867858,0
1000,1.1214371343810394,1.63453265033242,0
1001,3.6187946783640017,2.1647163790503523,0
1002,2.99063567083418,2.054945564225884,0
1003,5.305929652791129,2.702301372620034,1
1004,5.682576601056366,5.5369773032291,1
1005,5.715284358448131,2.396444224899592,1
1006,7.053171391259107,3.715162827430155,1
1007,2.7823582217601204,0.045027153925009,0
1008,2.7043209625184192,2.193971541145321,0
1009,6.948229848237564,4.514533493571682,1
1010,2.610607613483297,2.1815039438509958,0
1011,5.740212266696259,4.406608677249683,1
1012,6.2101327077242265,4.101988215515254,1
1013,1.0351251271556818,2.3360537565715607,0
1014,3.075372934319934,1.1102418295805867,0
1015,5.910128170671978,4.216308534786612,1
1016,6.815459730409859,3.836377964556354,1
1017,1.9952935902958548,1.1803740182449511,0
1018,7.145462078002044,4.401403349033884,1
1019,1.2292809247736298,0.7197786276533124,0
1020,2.6661371235185305,1.2345023754373299,0
1021,1.2128553483601636,0.5669489672794111,0
1022,3.54024619720853,2.4770749064532005,0
1023,1.9178213807208941,0.6330932747464637,0
1024,5.590555271123629,4.517003394820964,1
1025,6.00491715084084,4.231613003197661,1
1026,2.0652735989142363,1.7014753499267585,0
1027,2.884389526057248,0.16289327926942665,0
1028,6.085034440667844,3.7631606172610463,1
1029,0.42475526084120885,0.7384253451736582,0
1030,2.082210381193477,0.6770725630759347,0
1031,0.22683980516678126,2.187904184044796,0
1032,4.4483741570812,-0.16609495732597868,0
1033,7.16480371146081,4.981634774920488,1
1034,1.8415759994983445,0.409832692799907,0
1035,6.024049457625228,3.4697364315613566,1
1036,5.732048767411002,3.376564489933342,1
1037,3.080136171901958,2.3255000335473115,0
1038,5.505094390689916,3.5507927043497394,1
1039,5.721503780806884,2.508563108432045,1
1040,6.29097456971318,3.9311020435245925,1
1041,2.4894063935274366,1.526128412685225,0
1042,6.105500695923914,2.6410937059707473,1
1043,4.274558353793692,4.067156338358714,1
1044,1.5377606693122072,1.993740608325512,0
1045,5.982119944998708,3.4291195887549923,1
1046,0.9829798288537321,1.0518101877260106,0
1047,1.6063022224905439,1.1780466709786117,0
1048,3.154019305346724,0.8228155112545406,0
1049,6.567764386573727,2.734558035168053,1
1050,2.3542261008723746,0.7615936223255977,0
1051,3.380147699926831,1.7176430946825918,0
1052,2.2514529363416265,1.1459792064256455,0
1053,6.094867765913821,3.957000327212244,1
1054,6.7557806679078745,3.6070868667963083,1
1055,3.114418618085077,1.4142910499281922,0
1056,6.055889591183756,4.402004295809792,1
1057,6.287857564692512,1.870298805680744,1
1058,3.3469044703000774,1.0589093327505879,0
1059,6.083629964855949,3.3657582282412504,1
1060,1.740817985424287,2.507054904447858,0
1061,1.9767127324287201,0.5770503927782275,0
1062,7.61207781333362,2.9952223922968364,1
1063,2.4375966660467525,2.4177333533642917,0
1064,2.252572070212012,0.24799025797748642,0
1065,6.683110337851238,3.7406861274880105,1
1066,4.072620824848529,3.567924900692823,1
1067,2.076937254898399,2.501452336224519,0
1068,6.496105433510782,3.70778005110452,1
1069,6.057898229912837,2.497479566171073,1
1070,7.083447992870113,3.09169711629011,1
1071,5.929677248508237,4.751646242141799,1
1072,1.9510545695793944,2.2177392211144498,0
1073,1.3355201822226075,1.3963253328813747,0
1074,6.177592124284225,4.318371255118906,1
1075,1.5726380732712155,0.0036728258997124064,0
1076,2.1582516290374136,1.2540107996064223,0
1077,6.435295865834589,5.3219698566175,1
1078,5.490259099270646,4.460674499153466,1
1079,7.7631714625436405,4.443144329949007,1
1080,5.455452850689475,3.3597984889694708,1
1081,6.01850307471424,3.691264859398524,1
1082,5.986349853349294,3.5594746971743882,1
1083,6.918879465248059,5.117499582483083,1
1084,0.5041605131183731,-0.423290428915015,0
1085,2.693889152446634,0.08285549694988437,0
1086,0.7983270359032524,0.6394335682098886,0
1087,5.9457936568612535,4.017068401548999,1
1088,7.163728631488622,5.649127737287852,1
1089,4.96415164985753,3.3475631641147463,1
1090,2.8391036530617098,-0.17350580686958383,0
1091,2.1147529920600547,0.725884773963333,0
1092,1.9750156407325306,2.2893568028508806,0
1093,4.932653267739577,4.389423722625935,1
1094,2.6297851636395917,-1.5367518267865474,0
1095,6.412607593347746,5.499454853065413,1
1096,2.114952814406358,1.0604395530685267,0
1097,7.053665444412812,3.712960123501266,1
1098,4.6914192156143075,4.691691766625044,1
1099,6.088903099449746,4.575089673902438,1
1100,6.6804988115922574,4.22412042256935,1
1101,1.9641886021320387,0.4460375647393825,0
1102,6.313793991641283,1.8900773140425051,1
1103,1.0313154313265924,1.1004947833189,0
1104,7.014932162696697,3.9953009153288597,1
1105,5.760878241294207,3.4373097876032546,1
1106,2.036270220532942,1.6741417374072731,0
1107,6.478322557547722,4.202851669059073,1
1108,4.8254337526527324,4.367404010556103,1
1109,1.386097881856395,1.424734012900408,0
1110,1.5740800460652338,1.760703142311025,0
1111,1.921482497198996,1.6052989975159018,0
1112,2.4747106983362697,1.7980019476354285,0
1113,1.6526754794618201,1.2612433007485553,0
1114,1.2120388843566055,0.9516128720972382,0
1115,5.339044362017878,3.5251326982175057,1
1116,3.1533147373285315,1.31809942218485,0
1117,6.02036505180672,4.748319326849303,1
1118,6.5377471113828225,3.7334460486667824,1
1119,1.581270427897036,0.7348902490969109,0
1120,2.5710529261528716,0.03934921646504952,0
1121,2.507461311111137,1.3664207455494963,0
1122,6.330092586501655,4.698373285626123,1
1123,2.74494125174817,0.9088096856043835,0
1124,3.2540283003497397,1.427074953725885,0
1125,7.034157207731289,5.180495679109046,1
1126,6.120282650716139,4.402732297608721,1
1127,2.3534104511249314,1.6970129081586585,0
1128,7.796419816604988,3.6691751186560744,1
1129,5.37473877908302,4.3409973952765615,1
1130,3.771099282550747,0.9526093284805729,0
1131,2.5884023955231372,0.4648802863411011,0
1132,3.0759960989568027,1.8093909035903661,0
1133,5.605999139850879,2.5794557938731764,1
1134,2.3567354141137256,-0.3886248655742537,0
1135,5.107223889005787,4.291572211823255,1
1136,0.9893344202002445,1.281479227472872,0
1137,6.8017554621288365,5.183609899871957,1
1138,2.4346386453884112,1.2309425589969545,0
1139,2.6876384873442984,0.815368803611532,0
1140,2.1416322762213214,0.09268742231542637,0
1141,1.8188175626867586,-0.5085956341304532,0
1142,6.063318706436316,3.8970506786896526,1
1143,1.7098263953022965,0.7902794549576727,0
1144,6.486158994451205,3.6713942384980136,1
1145,1.5190166239678755,1.6443591475070285,0
1146,1.8635568713178665,1.7147454946733294,0
1147,6.486979089907346,5.440853009693792,1
1148,5.79152031459956,6.108551716078715,1
1149,0.7825188896933994,1.7905442878473479,0
1150,0.8440678368824748,1.4600285838571259,0
1151,2.2285775200312457,0.7022407960371277,0
1152,4.816136340776933,4.198555725874587,1
1153,5.90331573068192,3.711975051062458,1
1154,6.464993816261145,3.1730503721512755,1
1155,0.9803292606599394,0.06164502810500705,0
1156,5.227439968438704,3.9698253703539437,1
1157,2.023644542561375,0.9407655493856729,0
1158,6.184806637606951,2.836741072072255,1
1159,1.9422063049369065,0.6249218660688831,0
1160,1.5741474097726138,0.372279233669779,0
1161,1.885243962319533,1.363681922447709,0
1162,2.2157773975839343,1.1532442141222161,0
1163,7.314363733094348,3.8838513857388297,1
1164,0.4456794272964537,1.7829934362934912,0
1165,6.791121629285453,5.199639811783291,1
1166,7.0385645319775,5.065063252477321,1
1167,5.507743946397313,4.853734190041287,1
1168,1.4169906413720708,1.5967288091309508,0
1169,5.449424453366185,2.8054793259795012,1
1170,5.021764027710325,3.3973518771831097,1
1171,6.317991705327591,5.4154286785943695,1
1172,5.774033435835465,4.206698324243301,1
1173,2.072339012016246,1.9360449187320796,0
1174,4.2487638799977745,1.3637539199994304,0
1175,5.796496029617718,3.8917347793830555,1
1176,4.410160962709013,5.103047981131932,1
1177,4.43525164872276,3.6699033798063376,1
1178,5.809740163294638,4.280944711501779,1
1179,2.0675563734292712,2.9889982360790293,0
1180,1.987305991408489,1.0332776682440765,0
1181,1.5258198400952554,1.2609742847267682,0
1182,5.1943225252402625,3.452715596158879,1
1183,1.8018910891860602,-0.04429529312439229,0
1184,2.2031654741722186,1.0914611751676735,0
1185,5.803402218197611,2.947391372126541,1
1186,6.446899854937523,3.5096079465751218,1
1187,0.778774240247958,1.9094960570324047,0
1188,1.5993439941190626,1.610673022822806,0
1189,5.437715122991637,5.075396365674711,1
1190,7.05190725822927,2.7727439966042002,1
1191,6.787375716822559,3.492626458723337,1
1192,7.068304976141969,3.9580031211155164,1
1193,0.3173266202778502,-0.009380060436922077,0
1194,5.809014568062347,4.2380489404195725,1
1195,2.714622341575976,0.7750142994346497,0
1196,6.080775270154028,3.7735998078948483,1
1197,6.472427439378645,4.26634360083519,1
1198,6.583265823868632,4.534824837927978,1
1199,5.681668342177071,4.584849963972717,1
